mu,z,g,alpha,c,epsilon,bR,beta,a,bT,eT,eT,kA,j,kB,n,d,f,nK,rK,Ki,Kj,dKO,Error,Wterror,Koerror,EntryNumber
0.3929101736927966,0.02748565890617924,0.09854644078347001,0.000647195257054072,0.001306366569275484,0.00493286734106534,0.007868356193853373,0.3091785991442549,0.00677359729910302,0.04243452773939751,100,200,233255.3856790732,2.522807936565929e-07,2.545444065171025,1,1000,1.38629,1819981.276839363,1045900,0.03240058898104715,4.799442899542347,100,1149173.675118171,426899.3518541973,722275.1499103783,1
