mu,z,g,alpha,c,epsilon,bR,beta,a,bT,eT,eT,kA,j,kB,n,d,f,nK,rK,Ki,Kj,dKO,Error,Wterror,Koerror,EntryNumber
0.404028108550884,0.02923015505842328,0.09518441356075319,0.0006985867666198809,0.001487751368616025,0.004577061781813585,0.01135275682459135,0.3053152152516695,0.006612634949612738,0.03700000982739728,100,200,196749.1015735918,7.122554228622939e-07,3.076402286686662,1,1000,1.38629,1949537.950165343,1045900,0.3640273814696632,4.747561595573376,100,6261.667320254601,3353.781587581238,2907.943970738839,1
