mu,z,g,alpha,c,epsilon,bR,beta,a,bT,eT,eT,kA,j,kB,n,d,f,nK,rK,Ki,Kj,dKO,Error,Wterror,Koerror,EntryNumber
0.3929101736927966,0.02748565890617924,0.09854644078347001,0.000647195257054072,0.001306366569275484,0.00493286734106534,0.007868356193853373,0.3091785991442549,0.00677359729910302,0.04243452773939751,100,200,233255.3856790732,2.522807936565929e-07,2.545444065171025,1,1000,1.38629,1819981.276839363,1045900,0.03240058898104715,4.799442899542347,100,1149173.675118171,426899.3518541973,722275.1499103783,1
0.398178855,0.031999843,0.096134234,0.000699976,0.001499999,0.0044368,0.005534071,0.300518338,0.006573943,0.043542133,100,200,229999.666,6.61e-07,1.940584573,1,1000,1.38629,1782265.161,1045900,0.029438862,3.247439413,100,3998.271960591461,2292.111920968518,1706.160039622942,2
0.40301262,0.031740889,0.09530459500000001,0.000690018,0.00149966,0.003825173,0.010675718,0.303998165,0.006504364,0.043734658,100,200,206915.2963,8.14e-07,0.719868709,1,1000,1.38629,1798090.245,1045900,0.022922929,4.910551753,100,4296.329184894964,1963.927527271785,2332.401657623179,3
