mu,z,g,alpha,c,epsilon,bR,beta,a,bT,eT,eT,kA,j,kB,n,d,f,nK,rK,Ki,Kj,dKO,Error,Wterror,Koerror,EntryNumber
0.404028108550884,0.02923015505842328,0.09518441356075319,0.0006985867666198809,0.001487751368616025,0.004577061781813585,0.01135275682459135,0.3053152152516695,0.006612634949612738,0.03700000982739728,100,200,196749.1015735918,7.122554228622939e-07,3.076402286686662,1,1000,1.38629,1949537.950165343,1045900,0.3640273814696632,4.747561595573376,100,6261.667320254601,3353.781587581238,2907.943970738839,1
0.4003873803128226,0.03199995874234339,0.09498947574282389,0.0006437839999201324,0.001489864240542822,0.006995947085061495,0.009438090968073434,0.3039259664188707,0.006400001708342546,0.04172057183879669,100,200,187185.3534662015,6.973229924143433e-07,0.5225625043181438,1,1000,1.38629,1855591.908625564,1045900,0.07243478303194671,3.234960718849211,100,3728.3679428219,1950.418452738225,1777.957361895989,2
0.406999839223839,0.0288837982099608,0.09610686993218261,0.0005426820056873249,0.001469006482852626,0.006954106881100488,0.01017293224200259,0.3061275113003231,0.006486913587973563,0.04236449602839194,100,200,172019.4733528578,8.139968321165292e-07,1.298023999621853,1,1000,1.38629,1964121.804339789,1045900,0.2440233243124293,6.349532140740227,100,4155.206456062977,2285.275337445555,1869.94841032259,3
0.4069812953261265,0.02733133947348372,0.09654895789616597,0.0006824840283434763,0.00145088314311256,0.00697048359464069,0.007973425760954384,0.3053880192889192,0.00660683379053268,0.04101080935011608,100,200,190347.135936176,8.136720751568902e-07,0.9290510907005585,1,1000,1.38629,1840129.859233043,1045900,0.1593830258909332,5.845878855283118,100,4149.778032889472,2289.934411107049,1859.845318914667,4
0.4069999999632294,0.03199999834454235,0.09418470923444279,0.0006473698953897821,0.001499996334235658,0.004928493087894299,0.005015232568614051,0.3011618124422191,0.006400001695623297,0.04277684440090239,100,200,242704.238359162,8.116265042337673e-07,4.751109418020778,1,1000,1.38629,1799529.371988105,1045900,0.02194801883430026,5.4374970263135,100,2904.883922585363,869.9191437502432,2034.979182051788,5
